"0","x <- seq(0,10,by = 1)"
"0","y <- dbinom(x,10,0.5)"
"0","y"
"1"," [1]"
"1"," 0.0009765625"
"1"," 0.0097656250"
"1"," 0.0439453125"
"1"," 0.1171875000"
"1"," 0.2050781250"
"1"," 0.2460937500"
"1"," 0.2050781250"
"1"," 0.1171875000"
"1","
"
"1"," [9]"
"1"," 0.0439453125"
"1"," 0.0097656250"
"1"," 0.0009765625"
"1","
"
